{"cameraMode":{"drawMode":0,"name":"Shaded","section":"Shading Mode"},"sceneLighting":false,"audioPlay":false,"sceneViewState":{"m_AlwaysRefresh":false,"showFog":true,"showSkybox":false,"showFlares":true,"showImageEffects":false,"showParticleSystems":true,"showVisualEffectGraphs":true,"m_FxEnabled":true},"in2DMode":false,"pivot":{"x":1.8130385875701905,"y":0.4949702322483063,"z":0.8123255968093872},"rotation":{"x":0.0652092769742012,"y":0.5894688367843628,"z":-0.04785196855664253,"w":0.8037320375442505},"size":2.4907009601593019,"orthographic":false}