{"cameraMode":{"drawMode":0,"name":"Shaded","section":"Shading Mode"},"sceneLighting":true,"audioPlay":false,"sceneViewState":{"m_AlwaysRefresh":false,"showFog":true,"showSkybox":false,"showFlares":true,"showImageEffects":false,"showParticleSystems":true,"showVisualEffectGraphs":true,"m_FxEnabled":true},"in2DMode":false,"pivot":{"x":10.59527587890625,"y":3.101933479309082,"z":2.9558348655700685},"rotation":{"x":0.09066489338874817,"y":0.12365790456533432,"z":-0.011345713399350644,"w":0.9881027936935425},"size":4.015500068664551,"orthographic":false}